{"cameraMode":{"drawMode":0,"name":"Shaded","section":"Shading Mode"},"sceneLighting":false,"audioPlay":false,"sceneViewState":{"showFog":true,"showMaterialUpdate":false,"showSkybox":false,"showFlares":true,"showImageEffects":true,"showParticleSystems":true},"in2DMode":false,"pivot":{"x":-7.205999851226807,"y":0.14240862429141999,"z":-0.055772602558135989},"rotation":{"x":0.41700872778892519,"y":-0.3975115120410919,"z":0.2098371833562851,"w":0.7899755239486694},"size":1.1063590049743653,"orthographic":true}