{"cameraMode":{"drawMode":0,"name":"Shaded","section":"Shading Mode"},"sceneLighting":false,"audioPlay":false,"sceneViewState":{"showFog":true,"showMaterialUpdate":false,"showSkybox":false,"showFlares":true,"showImageEffects":true,"showParticleSystems":true},"in2DMode":false,"pivot":{"x":-6.559999942779541,"y":-0.8482338190078735,"z":0.029948055744171144},"rotation":{"x":-0.26208415627479555,"y":0.37999844551086428,"z":-0.11319386214017868,"w":-0.8798341155052185},"size":1.1627167463302613,"orthographic":true}