{"cameraMode":{"drawMode":0,"name":"Shaded","section":"Shading Mode"},"sceneLighting":false,"audioPlay":false,"sceneViewState":{"showFog":true,"showMaterialUpdate":false,"showSkybox":false,"showFlares":true,"showImageEffects":true,"showParticleSystems":true},"in2DMode":false,"pivot":{"x":0.0048885345458984379,"y":8.772397994995118,"z":1.9913368225097657},"rotation":{"x":0.2710924446582794,"y":-0.21262741088867188,"z":0.06153335049748421,"w":0.9367585182189941},"size":131.54966735839845,"orthographic":true}