{"cameraMode":{"drawMode":0,"name":"Shaded","section":"Shading Mode"},"sceneLighting":true,"audioPlay":false,"sceneViewState":{"showFog":true,"showMaterialUpdate":false,"showSkybox":true,"showFlares":true,"showImageEffects":true,"showParticleSystems":true},"in2DMode":false,"pivot":{"x":-1.035063624382019,"y":0.04804709926247597,"z":0.9588526487350464},"rotation":{"x":0.4695575535297394,"y":-0.49445798993110659,"z":0.36691999435424807,"w":0.6327817440032959},"size":20.043014526367189,"orthographic":true}