{"cameraMode":{"drawMode":0,"name":"Shaded","section":"Shading Mode"},"sceneLighting":true,"audioPlay":false,"sceneViewState":{"showFog":true,"showMaterialUpdate":false,"showSkybox":true,"showFlares":true,"showImageEffects":true,"showParticleSystems":true},"in2DMode":false,"pivot":{"x":-0.223595529794693,"y":-2.6976561546325685,"z":4.062890529632568},"rotation":{"x":0.4695575535297394,"y":-0.49445798993110659,"z":0.36691999435424807,"w":0.6327817440032959},"size":22.249656677246095,"orthographic":true}